id,question,reference_answer,reference_answer_html,canonical,dataurl,lastmodified,authorities,subjects,themes,organisationalunits,license,language,location
ad8f7d5a-c817-4195-9589-545eb13cc7cb,Kan ik bezwaar maken tegen de bouwplannen of omgevingsvergunning van mijn buren?,"U kunt van tevoren bij uw buren aangeven dat u het niet eens bent met hun bouwplannen. Is de omgevingsvergunning al verleend, dan kunt u hiertegen bezwaar aantekenen of beroep instellen.

Bezwaar of beroep tegen omgevingsvergunning

Is de omgevingsvergunning voor bouwen al verleend? Dan kunt u tot 6 weken na het verlenen van de vergunning bezwaar aantekenen bij de gemeente. De gemeente moet de vergunning dan heroverwegen.

Wordt de vergunning volgens de uitgebreide procedure afgehandeld? Dan legt de gemeente het conceptbesluit op de vergunningaanvraag ter inzage. U kunt dan uw zienswijzen kenbaar maken tijdens de 6 weken dat het conceptbesluit ter inzage ligt. De gemeente weegt uw zienswijzen mee in het definitieve besluit. Als u het niet eens bent met het definitieve besluit, dan kunt u beroep instellen bij de rechtbank.

Intrekken omgevingsvergunning

Stemt de gemeente in met uw bezwaar tegen de bouwvergunning? Dan trekt zij de vergunning in en mogen uw buren hun bouwplannen niet meer uitvoeren. Uw buren kunnen tegen het intrekken van de vergunning in beroep gaan bij de rechter.

Publicatie aanvraag omgevingsvergunning

Elke aanvraag van een omgevingsvergunning moet worden gepubliceerd in een gemeentelijk blad, een dag-, nieuws- of huis-aan-huisblad of op internet. Zo bent u op de hoogte van de bouw- of verbouwplannen van uw buren of bedrijven.

Vergunningvrij bouwen

Bij vergunningvrij bouwen is geen omgevingsvergunning nodig. Het is dan niet mogelijk om bezwaar te maken. Wel kunt u de gemeente vragen om te onderzoeken of het bouwwerk voldoet aan de regels. Ook kunt u de bouw aanvechten op grond van het Burenrecht uit het Burgerlijk Wetboek. U moet dan wel hinder ondervinden van het bouwwerk. Met vragen daarover kunt u terecht bij het Juridisch Loket.","<p>U kunt van tevoren bij uw buren aangeven dat u het niet eens bent met hun bouwplannen. Is de omgevingsvergunning al verleend, dan kunt u hiertegen bezwaar aantekenen of beroep instellen.</p>

Bezwaar of beroep tegen omgevingsvergunning
<p>Is de omgevingsvergunning voor bouwen al verleend? Dan kunt u tot 6 weken na het verlenen van de vergunning <a href=""https://www.rijksoverheid.nl/onderwerpen/bezwaar-en-beroep/vraag-en-antwoord/bezwaar-tegen-beslissing-overheid"">bezwaar aantekenen</a> bij de gemeente. De gemeente moet de vergunning dan heroverwegen.</p>

<p>Wordt de vergunning volgens de uitgebreide procedure afgehandeld? Dan legt de gemeente het conceptbesluit op de vergunningaanvraag ter inzage. U kunt dan uw zienswijzen kenbaar maken tijdens de 6 weken dat het conceptbesluit ter inzage ligt. De gemeente weegt uw zienswijzen mee in het definitieve besluit. Als u het niet eens bent met het definitieve besluit, dan kunt u <a href=""https://www.rechtspraak.nl/Onderwerpen/Omgevingsvergunning"">beroep instellen bij de rechtbank</a>.</p>

Intrekken omgevingsvergunning
<p>Stemt de gemeente in met uw bezwaar tegen de bouwvergunning? Dan trekt zij de vergunning in en mogen uw buren hun bouwplannen niet meer uitvoeren. Uw buren kunnen tegen het intrekken van de vergunning in beroep gaan bij de rechter.</p>

Publicatie aanvraag omgevingsvergunning
<p>Elke aanvraag van een omgevingsvergunning moet worden gepubliceerd in een gemeentelijk blad, een dag-, nieuws- of huis-aan-huisblad of op internet. Zo bent u op de hoogte van de bouw- of verbouwplannen van uw buren of bedrijven.</p>

Vergunningvrij bouwen
<p>Bij vergunningvrij bouwen is geen omgevingsvergunning nodig. Het is dan niet mogelijk om bezwaar te maken. Wel kunt u de gemeente vragen om te onderzoeken of het bouwwerk voldoet aan de regels. Ook kunt u de bouw aanvechten op grond van het Burenrecht uit het Burgerlijk Wetboek. U moet dan wel hinder ondervinden van het bouwwerk. Met vragen daarover kunt u terecht bij het <a href=""https://www.rijksoverheid.nl/contact/contactgids/juridisch-loket"">Juridisch Loket</a>.</p>",https://www.rijksoverheid.nl/onderwerpen/bouwregelgeving/vraag-en-antwoord/kan-ik-bezwaar-maken-tegen-de-bouwplannen-of-omgevingsvergunning-van-mijn-buren,https://opendata.rijksoverheid.nl/v1/infotypes/faq/ad8f7d5a-c817-4195-9589-545eb13cc7cb,2025-12-19T15:08:45.827Z,Ministerie van Infrastructuur en Waterstaat|Ministerie van Volkshuisvesting en Ruimtelijke Ordening,Bouwregelgeving|De Omgevingswet,Bouwen en wonen,Ministerie van Infrastructuur en Waterstaat|Ministerie van Volkshuisvesting en Ruimtelijke Ordening,CC0 1.0 Universal,nl-NL,Nederland
65cd1432-8bc2-426a-8fd5-c9349f019f00,Waar kan ik vragen stellen over de regels voor bouwen en verbouwen?,"Als u gaat bouwen of verbouwen krijgt u te maken met bouwregels. Er zijn algemene bouwregels, maar gemeenten hebben ook hun eigen bouwregels. Bij wie u moet zijn, hangt af van uw vraag.

Vragen over bouwregels in uw gemeente

Gaat u bouwen of verbouwen? Dan kunt u vragen over uw bouwplan stellen aan uw gemeente. Bijvoorbeeld vragen over welstand of waar u mag bouwen. Gebruik daarvoor de contactgegevens van uw gemeente.

Vragen over algemene bouwregels

Vragen over algemene bouwregels kunt u stellen via het vragenformulier bouwregelgeving van het Informatiepunt Leefomgeving (IPLO). Bijvoorbeeld vragen over het Besluit bouwwerken leefomgeving of de Wet kwaliteitsborging voor het bouwen (Wkb).

Welke regels gelden bij (ver)bouwen

Bouwregels gaan onder andere over veiligheid, gezondheid, de omgeving en uw buren. Behalve het Besluit Bouwwerken leefomgeving (Bbl) geldt bij (ver)bouwen ook andere regelgeving:

- het omgevingsplan van uw gemeente;

- welstandseisen;

- het Burenrecht.

U kunt het belangrijkste deel van de regelgeving nalezen op de pagina Stappenplan bij bouwen en verbouwen.

Alle gebouwen moeten aan de regels voldoen, ook als er geen vergunning nodig is. Een omgevingsvergunning voor bouwen vraagt u aan via het Omgevingsloket.","<p>Als u gaat bouwen of verbouwen krijgt u te maken met bouwregels. Er zijn algemene bouwregels, maar gemeenten hebben ook hun eigen bouwregels. Bij wie u moet zijn, hangt af van uw vraag.</p>

Vragen over bouwregels in uw gemeente
<p>Gaat u bouwen of verbouwen? Dan kunt u vragen over uw bouwplan stellen aan uw gemeente. Bijvoorbeeld vragen over welstand of waar u mag bouwen. Gebruik daarvoor de <a href=""https://organisaties.overheid.nl/Gemeenten/"">contactgegevens van uw gemeente</a>. </p>

Vragen over algemene bouwregels
<p>Vragen over algemene bouwregels kunt u stellen via het <a href=""https://iplo.nl/formulieren/vragenformulier-bouwregelgeving/"">vragenformulier bouwregelgeving</a> van het Informatiepunt Leefomgeving (IPLO). Bijvoorbeeld vragen over het Besluit bouwwerken leefomgeving of de Wet kwaliteitsborging voor het bouwen (Wkb).</p>

Welke regels gelden bij (ver)bouwen
<p>Bouwregels gaan onder andere over veiligheid, gezondheid, de omgeving en uw buren. Behalve het Besluit Bouwwerken leefomgeving (Bbl) geldt bij (ver)bouwen ook andere regelgeving:</p>

<ul>
 <li>het omgevingsplan van uw gemeente;</li>
 <li>welstandseisen;</li>
 <li>het Burenrecht.</li>
</ul>

<p>U kunt het belangrijkste deel van de regelgeving nalezen op de pagina <a href=""https://www.rijksoverheid.nl/onderwerpen/bouwregelgeving/stappenplan-bij-bouwen-en-verbouwen"">Stappenplan bij bouwen en verbouwen</a>.</p>

<p>Alle gebouwen moeten aan de regels voldoen, ook als er geen vergunning nodig is. Een omgevingsvergunning voor bouwen vraagt u aan via het <a href=""https://omgevingswet.overheid.nl/home"">Omgevingsloket</a>.</p>",https://www.rijksoverheid.nl/onderwerpen/bouwregelgeving/vraag-en-antwoord/waar-kan-ik-terecht-met-vragen-over-bouwen-verbouwen-en-bouwregelgeving,https://opendata.rijksoverheid.nl/v1/infotypes/faq/65cd1432-8bc2-426a-8fd5-c9349f019f00,2025-12-19T15:09:33.981Z,Ministerie van Volkshuisvesting en Ruimtelijke Ordening,Bouwregelgeving|De Omgevingswet,Bouwen en wonen,Ministerie van Volkshuisvesting en Ruimtelijke Ordening,CC0 1.0 Universal,nl-NL,Nederland
d95d3011-365d-4be0-a94d-dcd669f0d40c,Wanneer krijg ik te maken met de Omgevingswet?,"Wilt u iets veranderen aan uw huis, tuin of bedrijf? Dan kunt u te maken krijgen met de Omgevingswet.

Wanneer u iets wil veranderen aan uw huis, tuin of bedrijf heeft u te maken met de Omgevingswet. Deze wet bepaalt of u hier een vergunning voor nodig heeft, en of hier een melding van moet doen. Denk bijvoorbeeld voor het plaatsen van een dakopbouw of een nieuwe garage.

In het online Omgevingsloket kunt u controleren of er een vergunning of melding nodig is voor uw project. En ook meteen de vergunning aanvragen of een melding doen.

In het Omgevingsloket kunt u ook opzoeken welke regels en plannen in uw buurt of ergens anders gelden. Denk bijvoorbeeld aan regels voor het beschermen van historische panden of natuur. Dat kunnen regels zijn van gemeenten, provincies, waterschappen en de Rijksoverheid.

Ga voor meer informatie naar het helpcentrum van het Omgevingsloket. U kunt ook contact opnemen met Informatie Rijksoverheid.","<p>Wilt u iets veranderen aan uw huis, tuin of bedrijf? Dan kunt u te maken krijgen met de Omgevingswet.</p>

<p>Wanneer u iets wil veranderen aan uw huis, tuin of bedrijf heeft u te maken met de Omgevingswet. Deze wet bepaalt of u hier een vergunning voor nodig heeft, en of hier een melding van moet doen. Denk bijvoorbeeld voor het plaatsen van een dakopbouw of een nieuwe garage. </p>

<p>In het <a href=""https://omgevingswet.overheid.nl/home"">online Omgevingsloket</a> kunt u controleren of er een vergunning of melding nodig is voor uw project. En ook meteen de vergunning aanvragen of een melding doen.</p>

<p>In het Omgevingsloket kunt u ook opzoeken welke regels en plannen in uw buurt of ergens anders gelden. Denk bijvoorbeeld aan regels voor het beschermen van historische panden of natuur. Dat kunnen regels zijn van gemeenten, provincies, waterschappen en de Rijksoverheid. </p>

<p>Ga voor <a href=""https://omgevingswet.overheid.nl/helpcentrum"">meer informatie naar het helpcentrum van het Omgevingsloket</a>. U kunt ook <a href=""https://www.rijksoverheid.nl/contact/informatie-rijksoverheid"">contact opnemen met Informatie Rijksoverheid</a>.</p>",https://www.rijksoverheid.nl/onderwerpen/omgevingswet/vraag-en-antwoord/wanneer-krijg-ik-te-maken-met-de-omgevingswet,https://opendata.rijksoverheid.nl/v1/infotypes/faq/d95d3011-365d-4be0-a94d-dcd669f0d40c,2025-02-25T14:14:30.728Z,Ministerie van Binnenlandse Zaken en Koninkrijksrelaties,De Omgevingswet,Bouwen en wonen,Ministerie van Binnenlandse Zaken en Koninkrijksrelaties,CC0 1.0 Universal,nl-NL,Nederland
b1e4b0e2-c671-4b10-8b83-aab918956f7e,Wanneer moet ik als bedrijf een milieu- of omgevingsvergunning aanvragen?,"De milieuregels voor bedrijven staan in het Besluit activiteiten leefomgeving (Bal). In het digitale Omgevingsloket kunt u controleren welke milieuregels voor uw werkzaamheden gelden. En of u een omgevingsvergunning nodig heeft.

Check welke milieuregels gelden

Ondernemers kunnen via het digitale Omgevingsloket checken welke milieuregels uit het Bal gelden voor hun werkzaamheden. Het Bal vervangt het Activiteitenbesluit.

Check of u een omgevingsvergunning nodig hebt

Sommige bedrijven hebben een omgevingsvergunning nodig om milieubelastende activiteiten uit te voeren. Via het digitale Omgevingsloket kunt u controleren of dit voor uw bedrijf geldt.

Voor overige bedrijven gelden algemene milieuregels

Een aantal type bedrijven worden niet genoemd in het Bal. Bijvoorbeeld bedrijven in de detailhandel en horeca. Voor deze bedrijven gelden de algemene milieuregels in het omgevingsplan van gemeenten.","<p>De milieuregels voor bedrijven staan in het Besluit activiteiten leefomgeving (Bal). In het digitale Omgevingsloket kunt u controleren welke milieuregels voor uw werkzaamheden gelden. En of u een omgevingsvergunning nodig heeft. </p>

Check welke milieuregels gelden
<p>Ondernemers kunnen via het digitale Omgevingsloket <a href=""https://omgevingswet.overheid.nl/home"">checken welke milieuregels uit het Bal gelden voor hun werkzaamheden</a>. <a href=""https://wetten.overheid.nl/BWBR0041330/"">Het Bal</a> vervangt het Activiteitenbesluit.</p>

Check of u een omgevingsvergunning nodig hebt
<p>Sommige bedrijven hebben een omgevingsvergunning nodig om milieubelastende activiteiten uit te voeren. Via het digitale Omgevingsloket kunt u <a href=""https://omgevingswet.overheid.nl/checken"">controleren of dit voor uw bedrijf geldt</a>.</p>

Voor overige bedrijven gelden algemene milieuregels
<p>Een aantal type bedrijven worden niet genoemd in het Bal. Bijvoorbeeld bedrijven in de detailhandel en horeca. Voor deze bedrijven gelden de algemene milieuregels in het omgevingsplan van gemeenten. </p>",https://www.rijksoverheid.nl/onderwerpen/omgevingswet/vraag-en-antwoord/wanneer-moet-ik-als-bedrijf-een-milieuvergunning-aanvragen-of-een-melding-activiteitenbesluit-doen,https://opendata.rijksoverheid.nl/v1/infotypes/faq/b1e4b0e2-c671-4b10-8b83-aab918956f7e,2024-07-12T06:49:29.875Z,Ministerie van Infrastructuur en Waterstaat|Ministerie van Volkshuisvesting en Ruimtelijke Ordening,De Omgevingswet|Bouwregelgeving,Bouwen en wonen,Ministerie van Infrastructuur en Waterstaat|Ministerie van Volkshuisvesting en Ruimtelijke Ordening,CC0 1.0 Universal,nl-NL,Nederland
58d0512e-a31a-4072-a64d-a73a1c45ef76,Wanneer moet ik een omgevingsvergunning aanvragen?,"U moet een omgevingsvergunning aanvragen als u iets wilt veranderen aan uw huis, tuin of bedrijf. Maar een omgevingsvergunning is niet altijd nodig. Via de vergunningscheck in het Omgevingsloket kunt u controleren of u een vergunning nodig heeft of een melding moet doen.

Vergunningscheck doen in het nieuwe Omgevingsloket

In het nieuwe Omgevingsloket kunt u zien of er een vergunning of melding nodig is voor uw (bouw)project. Dit hangt onder meer af van de plek van uw project en uw antwoorden op de gestelde vragen via de vergunningscheck.

Er kan bijvoorbeeld sprake zijn van een vergunningplicht, meldingsplicht of informatieplicht. Het kan ook zijn dat u geen vergunning hoeft aan te vragen. Of dat er een verbod geldt, waardoor u niet met uw (bouw)project mag beginnen.","<p>U moet een omgevingsvergunning aanvragen als u iets wilt veranderen aan uw huis, tuin of bedrijf. Maar een omgevingsvergunning is niet altijd nodig. Via de vergunningscheck in het Omgevingsloket kunt u controleren of u een vergunning nodig heeft of een melding moet doen. </p>

Vergunningscheck doen in het nieuwe Omgevingsloket
<p>In het nieuwe <a href=""https://omgevingswet.overheid.nl/home"">Omgevingsloket</a> kunt u zien of er een vergunning of melding nodig is voor uw (bouw)project. Dit hangt onder meer af van de plek van uw project en uw antwoorden op de gestelde vragen via de <a href=""https://omgevingswet.overheid.nl/checken"">vergunningscheck</a>.</p>

<p>Er kan bijvoorbeeld sprake zijn van een vergunningplicht, meldingsplicht of informatieplicht. Het kan ook zijn dat u geen vergunning hoeft aan te vragen. Of dat er een verbod geldt, waardoor u niet met uw (bouw)project mag beginnen.</p>",https://www.rijksoverheid.nl/onderwerpen/omgevingswet/vraag-en-antwoord/wanneer-moet-ik-een-omgevingsvergunning-aanvragen,https://opendata.rijksoverheid.nl/v1/infotypes/faq/58d0512e-a31a-4072-a64d-a73a1c45ef76,2025-12-29T17:05:20.978Z,Ministerie van Infrastructuur en Waterstaat|Ministerie van Volkshuisvesting en Ruimtelijke Ordening,De Omgevingswet|Bouwregelgeving,Bouwen en wonen,Ministerie van Infrastructuur en Waterstaat|Ministerie van Volkshuisvesting en Ruimtelijke Ordening,CC0 1.0 Universal,nl-NL,Nederland
